run_id	disease_group	feature_set	n_features_input_to_run	rank_within_run	feature	feature_type	mean_importance_score	sd_importance_score	sem_importance_score	mean_selection_frequency	n_repeats	importance_score_seed42	importance_score_seed43	importance_score_seed44	importance_score_seed45	importance_score_seed46	importance_score_seed47	importance_score_seed48	importance_score_seed49	importance_score_seed50	importance_score_seed51	importance_score_seed52	importance_score_seed53	importance_score_seed54	importance_score_seed55	importance_score_seed56	importance_score_seed57	importance_score_seed58	importance_score_seed59	importance_score_seed60	importance_score_seed61	importance_score_seed62	importance_score_seed63	importance_score_seed64	importance_score_seed65	importance_score_seed66	importance_score_seed67	importance_score_seed68	importance_score_seed69	importance_score_seed70	importance_score_seed71	importance_score_seed72	importance_score_seed73	importance_score_seed74	importance_score_seed75	importance_score_seed76	importance_score_seed77	importance_score_seed78	importance_score_seed79	importance_score_seed80	importance_score_seed81	importance_score_seed82	importance_score_seed83	importance_score_seed84	importance_score_seed85	importance_score_seed86	importance_score_seed87	importance_score_seed88	importance_score_seed89	importance_score_seed90	importance_score_seed91	importance_score_seed92	importance_score_seed93	importance_score_seed94	importance_score_seed95	importance_score_seed96	importance_score_seed97	importance_score_seed98	importance_score_seed99	importance_score_seed100	importance_score_seed101	importance_score_seed102	importance_score_seed103	importance_score_seed104	importance_score_seed105	importance_score_seed106	importance_score_seed107	importance_score_seed108	importance_score_seed109	importance_score_seed110	importance_score_seed111	importance_score_seed112	importance_score_seed113	importance_score_seed114	importance_score_seed115	importance_score_seed116	importance_score_seed117	importance_score_seed118	importance_score_seed119	importance_score_seed120	importance_score_seed121	importance_score_seed122	importance_score_seed123	importance_score_seed124	importance_score_seed125	importance_score_seed126	importance_score_seed127	importance_score_seed128	importance_score_seed129	importance_score_seed130	importance_score_seed131	importance_score_seed132	importance_score_seed133	importance_score_seed134	importance_score_seed135	importance_score_seed136	importance_score_seed137	importance_score_seed138	importance_score_seed139	importance_score_seed140	importance_score_seed141
PsA_species_diversity_all_features	PsA	species_diversity	1237	30	Bifidobacterium_adolescentis|t__SGB17244	species	0.009119407766910195	0.001745411222089991	0.0001745411222089991	0.44433333333333325	100	0.005681354819162938	0.008584542771000276	0.009130079751709852	0.0066584202509819045	0.009185421050958733	0.009862824868049005	0.00698531151496413	0.00879772982597735	0.008236257608745542	0.006268214151735017	0.004828654188047874	0.006980409727372725	0.00995224969356496	0.0066545768829591005	0.011131865644553159	0.00779322591531193	0.009504687622751553	0.011203082667317931	0.009376171778714278	0.00907779557702157	0.013491594512902527	0.010457109302496237	0.012628027803816376	0.008918760118868715	0.007780805351687677	0.006597798227163944	0.00716661242759013	0.007689298983151932	0.010718776880564463	0.009620931144403776	0.009240100370783178	0.008540977327113562	0.010405359144904034	0.0076134104140393195	0.0088924363802636	0.008863978145565445	0.009634625174123425	0.010916261048531389	0.010460496723292922	0.009581131474646027	0.00996428677951439	0.00944707046568272	0.010478275924638396	0.010624641188464509	0.009406659535224073	0.007771224796531499	0.00802047056430646	0.0061270000813452965	0.007264674918325407	0.009612701508152958	0.010434979255888014	0.009501040552128135	0.012349115414502324	0.009181591030723739	0.006707009603899625	0.01027972456100062	0.00835491937016352	0.007086781925275882	0.008007891823666057	0.00930015354311516	0.009517462598761052	0.009105580251072321	0.00706846825191935	0.013092538706055923	0.010952256184322169	0.010552132110365785	0.0069014607563216025	0.007605206043274918	0.010689860007092811	0.009734552567058621	0.009616174260794568	0.009644523913777903	0.008796016767944956	0.012475763039364951	0.010158547555779395	0.00914686657234397	0.014463836756621364	0.009389171852445633	0.01166086132071937	0.011894623871814697	0.008268311893138314	0.010212029011621783	0.010574719241989784	0.009808722752513493	0.008611706115836237	0.009389775725804992	0.008117926861134656	0.008507653929065887	0.0077296721058694225	0.00786653253078628	0.009611283606016858	0.008191781247137205	0.010017446096409999	0.00803156415069966	0.009385268528256397	0.005927699681140789	0.006276552801955653	0.00980662057869994	0.009228134417003661	0.008879891918729815
PsA_species_diversity_all_features	PsA	species_diversity	1237	29	Parabacteroides_distasonis|t__SGB1934	species	0.009550036596793852	0.001606141827431631	0.0001606141827431631	0.47	100	0.009943260913139573	0.010250403092994699	0.011037095803880043	0.008759264781321661	0.008823860241555032	0.008071311486462831	0.007275116887270371	0.006930822539786615	0.008534585533016099	0.00909470699209148	0.007884159242437006	0.010277976717322874	0.008126686193401731	0.01016243440397977	0.00712000216055257	0.005834785937028186	0.006365200545223659	0.0058980054961376436	0.00887273156377682	0.008192205705458077	0.008674872086454241	0.006427521784367387	0.008040298322549651	0.010616622181028303	0.012390350651942883	0.010181684320508928	0.010314437209501938	0.009890542653193802	0.01260544577182266	0.011182650011801054	0.012155171736885318	0.010401199568400033	0.011423283246726255	0.00959085309476851	0.010489601661790079	0.01083275373438227	0.008687953920711663	0.009898040513293932	0.010258813264967349	0.011048246813882374	0.011498910171745876	0.008802232866895918	0.008373142985708508	0.00990214166207629	0.01262209138780198	0.010624319878382511	0.009992945005955305	0.009988112557179265	0.01156069717860847	0.011027710192412287	0.012040006139237667	0.009590210563001978	0.007730035705702853	0.009662121612979158	0.008912048612212793	0.00949865065104977	0.009218652927027171	0.01005915976755307	0.007757645683969525	0.011307630801404409	0.0102684827814336	0.010452597139543633	0.012698320224164807	0.008542996866851517	0.010157456283864285	0.0077096769308901865	0.009224012766103332	0.008325274067136483	0.006807574739174543	0.011072589138449775	0.010042098157837886	0.009617485932782813	0.008638183923398686	0.009640780537950866	0.009582085659954994	0.010582661760061488	0.006816625615061235	0.010081031965209616	0.006723301304414123	0.010177110630140119	0.010477906884576626	0.008393051371330796	0.007532810916791244	0.0079908697252846	0.00845018163093384	0.008131293431126261	0.012082950245873018	0.008633002701400255	0.009712978168063326	0.010026714804365082	0.008382796215364498	0.01257319070494945	0.011399580533539556	0.010178529930817182	0.009485529430700301	0.008228632150613696	0.009385958032357457	0.012350582500063255	0.011233512448779437	0.01045981629131095
PsA_species_diversity_all_features	PsA	species_diversity	1237	28	GGB9707_SGB15229|t__SGB15229	species	0.009598751391111944	0.0015849980226594997	0.00015849980226594998	0.5319999999999998	100	0.009529361307113253	0.009488683929759495	0.0100915492901837	0.009962118532566844	0.011158251092971187	0.010012704083514984	0.012054914049565187	0.011467036804517144	0.008281201694048935	0.00945966660694408	0.010320017280982776	0.009672903064885625	0.008775733980826823	0.007065044699714532	0.00960490130879784	0.010004871629267805	0.00872890317934829	0.00882191644386542	0.010775178047736296	0.008823184250260598	0.008456915460042926	0.010891499393000121	0.01140863135065085	0.008373215575557445	0.011084134600387758	0.00930461462647374	0.010540342065338826	0.009901148745507356	0.010335147754560152	0.01062219475703728	0.011287497987348578	0.00774223717139593	0.00873983865712739	0.009581693355272992	0.011868322957624267	0.010377529895851162	0.010055403233093832	0.010592424918262098	0.012523477308226545	0.010352308374038981	0.013827051340129671	0.009046716659899073	0.008427864854719358	0.006508416829328737	0.008174407380299363	0.00817836056503111	0.006997009717653979	0.00622493957735056	0.009535585157882982	0.005299518147570011	0.010355325916434054	0.008841820616167752	0.007407436077949711	0.008324089287835014	0.008130011593921967	0.009273476249279251	0.011977739648014156	0.011718696691076003	0.009936131238817173	0.008562375772396635	0.01204825058055446	0.010559055714666116	0.011597129290418473	0.009347753578536965	0.010525357676611407	0.011178274973460705	0.009004075758739953	0.009612599204041247	0.008238117683426409	0.009991409976256726	0.0099467252902544	0.012042004374881742	0.013146137209297812	0.009620287876315884	0.00918757709469358	0.011411760888423975	0.00913526856618799	0.010060158154231027	0.008696560585052531	0.009106724335689641	0.010193126083439336	0.007040382786125771	0.00543850201592448	0.0073071592589025415	0.008620787867258643	0.010550078343674838	0.01016848486403645	0.00932807939811398	0.007823939576428043	0.009208228748881973	0.008231426140171822	0.007935370811708885	0.009496978813188414	0.010751211550362376	0.008604123821121948	0.010101707537219635	0.010827091198872192	0.009053733202792524	0.007473742959054069	0.012382062536749776
PsA_species_diversity_all_features	PsA	species_diversity	1237	27	Bacteroides_uniformis|t__SGB1836_group	species	0.009974324429374449	0.0017259703529076361	0.0001725970352907636	0.48333333333333334	100	0.01534313649666703	0.01294528544456189	0.012984948614815318	0.010837399735915658	0.011071778167926162	0.009010712852113424	0.010810407989000305	0.009687642371331084	0.0074213014813576395	0.007839010730176475	0.008955747954639352	0.011351472246020592	0.011562992674441342	0.010461407315360872	0.010159272054484155	0.013278701332943572	0.009463410038414121	0.011468916980845685	0.010028635692784635	0.007939231458807995	0.008252538104134684	0.006936535304598841	0.007968784227131502	0.007563514144327643	0.008026991359634215	0.012856304847182327	0.009700515756942193	0.010752422692196414	0.010529956714227833	0.008665837082032503	0.010208207018310942	0.011773849382957762	0.010674883302574581	0.011045004318093726	0.010043676015358589	0.009077353546406776	0.008435326892628128	0.010197044108344466	0.009661907581432132	0.009060339004968786	0.010218674032059153	0.011316000268550246	0.008917686642346349	0.007587284700197903	0.008148340806966815	0.01066393042089366	0.009574874630833044	0.01072205480811763	0.010238876674407836	0.008888120416754507	0.012663653845875289	0.009642777123362697	0.010722919034313121	0.01136157926543085	0.009758521018857632	0.011523794688665857	0.011753255578997812	0.011104963221066954	0.009373072125581052	0.010759127826888013	0.012426788195648738	0.015328978178526066	0.013718279850022108	0.010509302269983265	0.010069729461831909	0.01138861796824386	0.009691477915840104	0.011785287239694244	0.011378957488627684	0.009899098401421499	0.008947265970073236	0.010430087230162059	0.01074222267577245	0.011434635125793137	0.010707997191007968	0.008191064539937693	0.007907292828034604	0.00840378584946446	0.009960455968941307	0.005905490934698771	0.006623745435263467	0.007043997846965857	0.008736122485170009	0.009089312495936369	0.009245624105791016	0.009060464199280948	0.0110807436857152	0.008167073622343694	0.010351251402134555	0.00912517595642715	0.008900501116755296	0.010920783729635805	0.009440317768470244	0.00950685846674791	0.0086845108688551	0.009391027464901888	0.009183786196861837	0.009737907625450758	0.00769245057663838	0.007632062438116481
PsA_species_diversity_all_features	PsA	species_diversity	1237	26	Clostridium_sp_AF36_4|t__SGB4644	species	0.01038666805366399	0.0016038779515931262	0.00016038779515931262	0.48666666666666664	100	0.010391896365511348	0.011417996437616797	0.011087271937096315	0.00925709825086352	0.012324524664846822	0.009867138984398066	0.01086643549015562	0.010036280959533324	0.012781090378216838	0.010070015033228316	0.011580175521181341	0.010993817141452146	0.009939353568574758	0.01128046584464662	0.010041519081042189	0.012092227468380146	0.00901122462831323	0.010202174856192344	0.010713147258084699	0.013039524522703436	0.010009381735637894	0.009146575045029533	0.00785384812467404	0.009538386582043944	0.008051359620029537	0.010327143228906287	0.009556693786886929	0.011771918015054247	0.010557614648926407	0.009373110593944755	0.009726195105915093	0.009505667194633454	0.007883333482024172	0.008679450985884336	0.008662751822393506	0.009520536311413069	0.010171924829750595	0.010413181274366261	0.008597976364896865	0.008997730681967164	0.008464047855594941	0.00945965764765566	0.00960844386434314	0.009711268001156712	0.01102473752526816	0.009664826943412076	0.013446796908105567	0.008256776078548212	0.00982187508159577	0.009702202711043356	0.01102801788684161	0.010960561933401182	0.010513604601948804	0.007280974500841841	0.008950459024324732	0.011451935541011976	0.008153049708978675	0.011282013349670978	0.009429555319303142	0.011107977518958038	0.00650580720556845	0.011317963737981109	0.01052116286006754	0.008562949890374694	0.0078732368430453	0.011356019447669868	0.009576438312405521	0.009746526144115595	0.012121083063135706	0.010713459676820735	0.011308081966736883	0.01082149500605459	0.011700269692917958	0.010922117551584327	0.008991298974804603	0.009306527554923682	0.01210880943573494	0.009506053964347153	0.013911763605039918	0.011596120998875315	0.012789972622724206	0.008191715904012107	0.008719321055114948	0.011961261419363208	0.012768711576229476	0.013701309556698706	0.010649293302782676	0.011283249148602929	0.015073553557766477	0.010451103290591734	0.013837414624377093	0.01080468823915861	0.013935448498082386	0.01281169805637165	0.008654946726208413	0.010213232735347097	0.011282347768220744	0.009777121090656536	0.009839260052426415	0.008797030381039421
PsA_species_diversity_all_features	PsA	species_diversity	1237	25	shannon	diversity	0.011099460601137638	0.001974770092424474	0.0001974770092424474	0.5413333333333333	100	0.009576068556985264	0.010617664242040163	0.01263315536613404	0.014332510053023448	0.012103092995819882	0.009383189686918526	0.006272394297673514	0.01091356282079003	0.011221289004264803	0.01316677371585027	0.01175531625232903	0.015818986148520873	0.015013275600339776	0.015458456495806117	0.012914748454380794	0.01580547561260916	0.011623049685164543	0.01239005068684969	0.012239018464740565	0.012590576657772447	0.01031708177891574	0.012739349752376939	0.011730096837289646	0.009422510233551423	0.013064444148494617	0.01166981084212743	0.01192761021621258	0.007866650022138405	0.012291324452971784	0.00972619160396013	0.012423406176486873	0.011179480759260837	0.012626186426476163	0.00817856837880899	0.014203741141094767	0.009860260683900243	0.012458322735898664	0.010729680787591993	0.011775840490575614	0.010421223230704667	0.011977342716206742	0.007113732172447281	0.01318709010592332	0.011000754317072464	0.012181921786416833	0.011144121290038785	0.011764724863487123	0.009785501514743595	0.010432926432680898	0.011130705409530027	0.010217416342593722	0.010868994929417859	0.008198629563967863	0.010281539635288491	0.008593689682541476	0.011226209670366817	0.011166232214892617	0.011766101482342192	0.012529765923635628	0.012027787705913753	0.014016724241179439	0.01098352230580525	0.009110830238267163	0.00968411618139363	0.013284860034343928	0.009199211893431427	0.012428212339393275	0.011281033500457673	0.00951011818631886	0.00838728818577685	0.009220576401265545	0.008115995777221238	0.011770738092542586	0.013905814218280882	0.012314978329404107	0.011034897988816997	0.007890484722651987	0.012067108028515478	0.012264089895912813	0.011888551712034161	0.012646351986825038	0.01051849502838615	0.00941145655961635	0.011751947103747473	0.010096098397235376	0.012030134895906663	0.009029445069282604	0.011193546601894864	0.008492056246604531	0.010376102383793835	0.005732118019402532	0.007204497110655683	0.008951784387472983	0.007648085585966056	0.010475910379028279	0.01291375830424974	0.011281550688964139	0.011036231100096801	0.01205263999296349	0.011709074742300426
PsA_species_diversity_all_features	PsA	species_diversity	1237	24	Bacteroides_xylanisolvens|t__SGB1867	species	0.011469339246693869	0.0020721503741152063	0.00020721503741152062	0.5389999999999998	100	0.008806710512642682	0.010573290367480755	0.01490849238282531	0.014432039280536794	0.010752736405739146	0.01450101438602169	0.013932012949691281	0.015633253564054865	0.010920255856667534	0.013111686049019593	0.012909942045939342	0.011770644851463776	0.011997899278113658	0.008957897583164315	0.010757856558774209	0.010155140614936936	0.009769225560327796	0.009694010501270778	0.008547360493259033	0.007158434325107624	0.010968266941271067	0.00789987849896694	0.010762286725649125	0.00876879195508772	0.010708664326834533	0.011767403808933017	0.011426104294606452	0.01466795899655281	0.013167484826664862	0.011427318207163563	0.011908467848180204	0.011641549785506937	0.010734817378147675	0.012540801750957297	0.01320604819474493	0.014447830977945495	0.01303766939938745	0.011121697394492359	0.011137933673214877	0.01494417490801934	0.01037501862628329	0.010742069779525168	0.007740453371204934	0.008493658927109928	0.008525956326231748	0.008430106233793401	0.00964798652566525	0.010000294513258024	0.008613747850070247	0.012658054396626124	0.009812784723163577	0.009546938104560303	0.012488879391382757	0.011161367232131476	0.00954603527791533	0.01261844463911341	0.011462730805808488	0.011915832135085373	0.013541209828102493	0.016834630663903415	0.012053474569015168	0.014811250556327028	0.015089458922161507	0.01347570398740052	0.015879341880128715	0.009727016711094355	0.010918776218878523	0.008927374920376568	0.01000809242613701	0.012573120608429826	0.01405785102100372	0.010163644569064156	0.013754252311383231	0.011759849862303414	0.013931177695927395	0.01403376282321527	0.01101643159114935	0.009223714515639385	0.012284746962629082	0.01205037573577062	0.009279856387622746	0.011301687982666935	0.010392320804554706	0.00935377265202816	0.009785981829663162	0.009384089131233163	0.009603286356453331	0.010382423528199642	0.011017750328159166	0.009333786902850109	0.009761393096666094	0.010785585168435462	0.013748620476757843	0.013476379442760943	0.01063469180167329	0.012646327006059381	0.014153118635190134	0.014015526251598558	0.011689691885471826	0.010716964303008364
PsA_species_diversity_all_features	PsA	species_diversity	1237	23	Eubacterium_rectale|t__SGB4933_group	species	0.012731938108455439	0.0018221392478994015	0.00018221392478994015	0.5693333333333336	100	0.01261218037446668	0.014692358178868485	0.012013259379345664	0.011416054674716134	0.009609457203602428	0.012827866846465379	0.014884540107515222	0.014193797282071334	0.01103138023477059	0.014880722296547723	0.01677217041749194	0.0165203324221154	0.011672325178046753	0.013481161428012218	0.013360452000184337	0.011423720335668639	0.015321904523718215	0.011287736916073968	0.011409975531533827	0.01064345307714374	0.014672961540097324	0.011643762575971132	0.011208137838950659	0.014541283830817668	0.015171458850035431	0.01101619067018499	0.012882614009499952	0.009852318991083258	0.013111812607522434	0.010395312982487935	0.012452376735074504	0.014286385915485061	0.014831666270218029	0.013345904380806071	0.012488540962854304	0.013666418354367004	0.010205387301606812	0.01120122817310727	0.010370681848667048	0.00842722231785594	0.008153298560947066	0.00908098319607579	0.014173335456886487	0.01450902918324125	0.012075622425264648	0.0108748502072171	0.01398841425047603	0.016481365397378264	0.013583026601805393	0.014675804682928123	0.015253853891507112	0.01398387648897702	0.01333967944020379	0.011740612940611378	0.010384879790913624	0.011019981293505439	0.01187749831140738	0.015811676417477244	0.012306642754275567	0.009457148317889354	0.012499457925398237	0.013449112259080737	0.011556443036834145	0.014391307263813357	0.01176227163565003	0.012528216851228307	0.01352443715727109	0.013316102315618373	0.012348734472940217	0.011971404330141695	0.012411692046466635	0.011917571866667242	0.013555184785110311	0.010715758600472377	0.011015559081856441	0.01035250475748329	0.014166346415458385	0.013734849710649994	0.013268863325356206	0.011143293348015356	0.014003307068178565	0.015343898939738839	0.01681195663866431	0.011953941499902183	0.012937653973920472	0.014686241252055405	0.012897459487159146	0.01135998058440913	0.01488851358746384	0.01126380790698388	0.012148058681345266	0.012345165628047189	0.011393912514984665	0.014060408649433758	0.013238933700834017	0.013313467657933089	0.012040590011734693	0.013775094841928941	0.01329214098799847	0.013212071873276146
PsA_species_diversity_all_features	PsA	species_diversity	1237	22	GGB3570_SGB4777|t__SGB4777	species	0.01347081054242278	0.0018049479209025106	0.00018049479209025107	0.5926666666666672	100	0.011675769147548814	0.017148154445466527	0.015172134003631951	0.013173133375931078	0.015976369518961146	0.013185429594218517	0.0174075294255079	0.01355018374051319	0.016433141898194732	0.014336619642106517	0.016239352852746577	0.015769581602397192	0.014353145674820834	0.015447794679985976	0.01449621452302095	0.014746634247498955	0.013015353068155714	0.015103365129425216	0.015411555875730154	0.014979666123634376	0.012875740709879437	0.01605581313931095	0.012906435279789413	0.013211089777975946	0.015004701527897134	0.014264312860282563	0.015350613599273014	0.013265811670303499	0.012447696201814674	0.011221618618968697	0.01014583137741835	0.008322857198344465	0.011375056195457462	0.013774273980860506	0.011253183646152826	0.012434193446542625	0.010483677390110985	0.011605915100743129	0.014922842604722751	0.012158042201958288	0.013856188216696815	0.013127433726644055	0.01645688245832498	0.011927538499474984	0.010159118399257065	0.014316715767960644	0.013679878823683718	0.014280705532426491	0.01368863598292408	0.01370044098507019	0.014973504645632869	0.010718644997633614	0.014353514003463044	0.012519972271727166	0.013948174466699884	0.013254855274854462	0.011917608404923329	0.013350128891120217	0.01273186531393874	0.01154188659682376	0.011899112168578679	0.010295437498085426	0.014637333646663458	0.013897415175478186	0.012839628542981821	0.014335949342356517	0.009342461413708755	0.011374359827035435	0.013846390768580534	0.01191786184312488	0.016296813373086683	0.01593325754576743	0.015503127947277564	0.015230454438799536	0.012573116451990314	0.013425841522826722	0.011027244126053945	0.012811417692165105	0.012818700086624092	0.012395688888777682	0.012930923330330128	0.014058137075752309	0.012688450568195151	0.01316065804007746	0.013942505260723407	0.013326652382545252	0.015624373438866284	0.013990743769770612	0.015653447640077263	0.0164239168040179	0.011992075932993247	0.013386954508766273	0.01638087947067912	0.012285039376525758	0.011152192543732651	0.011930883273281397	0.012291754764913764	0.013331353144841015	0.013634058248601229	0.011289914011041765
PsA_species_diversity_all_features	PsA	species_diversity	1237	21	Fusicatenibacter_saccharivorans|t__SGB4874	species	0.013866248055117889	0.0017373631170362774	0.00017373631170362774	0.6286666666666665	100	0.011283671516629455	0.012928610521010579	0.015181268486145904	0.014062840113380218	0.013570585610029166	0.014559954659778131	0.013665350204579041	0.013176810842240946	0.01277602722015134	0.014167756176583723	0.012893645494739925	0.01678245336911976	0.014455336424987923	0.013883655927567953	0.01405137618761084	0.015571318701864843	0.01741437563032668	0.01771374479668981	0.016201918372618772	0.01187721441017034	0.013628108818340142	0.015579322189025453	0.01436174340768563	0.015565053687487633	0.01628219913134115	0.013377379739617888	0.0141870717586526	0.012937824382125294	0.01433682756565603	0.014919140356920931	0.012463847504094794	0.014892798670971994	0.015614353587206002	0.01301936629445575	0.011014692857976445	0.014734657310564097	0.012945031238406244	0.014714321342628818	0.011363799624873066	0.013819006583497337	0.01168765189419611	0.013949506151499575	0.014454005327925123	0.013381863826704012	0.010720793303623953	0.011995503122280407	0.013402364884149993	0.01357202529289886	0.014573590718937204	0.014880976943675997	0.017009212914022524	0.01471329036641074	0.012317636289631386	0.014657254720544388	0.010990293165882044	0.011959769362881281	0.012477056835020432	0.011906908722201504	0.014583062733605686	0.012787279697950404	0.009633049913143902	0.013383048435781324	0.012570231585016849	0.013605930950241823	0.011977942735916855	0.01446067777481996	0.012720545739123052	0.012334531072412004	0.010711669707236842	0.014743159824619127	0.013699561045569509	0.015546790244287479	0.013213492767566715	0.016631544175915936	0.015165290154802264	0.014930436870335477	0.010986999089634545	0.010486107648625797	0.013935287433217727	0.013297557016866387	0.011933270190018804	0.014596040072996166	0.016627942229625294	0.014968317182286953	0.014614312091719062	0.013749847106855903	0.01548660832760597	0.017183335728539646	0.014315593025789114	0.01175643999696596	0.013765143395499993	0.015810237617992703	0.015359203308891548	0.016173546996735285	0.01684061593736038	0.016152449813508923	0.015441694971655899	0.013193325393977967	0.010707492066210331	0.011921028880625344
PsA_species_diversity_all_features	PsA	species_diversity	1237	20	Anaerotruncus_colihominis|t__SGB14963	species	0.014276456746702476	0.0019327711419923409	0.00019327711419923408	0.601666666666667	100	0.013491259361406962	0.013436207986742155	0.00960959110250288	0.014452158455854328	0.018104131181950225	0.01423027384908153	0.011559279211330258	0.014642945408357262	0.016250270889238458	0.013155801779033954	0.016273295720947538	0.012456609689144088	0.018276292099377846	0.01448439119250287	0.012355320331165865	0.01760665071437246	0.014161824312963386	0.014884446928207553	0.012894885175850739	0.014812770092035493	0.01435512897508475	0.018649311527704403	0.015982062845502912	0.01970694513777371	0.014238010177682985	0.01462126967221467	0.014407293924972706	0.019629091352555136	0.016599402396931282	0.01591822131759364	0.012017101973134202	0.012473076164529279	0.011790533731811874	0.016391430013616735	0.012825236006068124	0.013220258854682494	0.011513058618640031	0.016310725614427486	0.011604175456326589	0.012406463724863237	0.01437713586932828	0.014003177462156964	0.012766526087576903	0.013829523050343632	0.012448650706754445	0.014817114046100498	0.012567165412891167	0.016517397855977455	0.013283324181879948	0.013731535120016543	0.015962248250875683	0.01587922021092862	0.013438136154099108	0.01164759569822816	0.013713698474606677	0.011373154299323817	0.014578284887847173	0.012094542738133858	0.015916219397397905	0.012593110943839936	0.015686360328386568	0.016049226938553398	0.012936875382255037	0.013530625960923526	0.013344776453366937	0.015971756555330563	0.011801094495512527	0.012246816937086924	0.0115042337716227	0.0123148622417177	0.014703638065282357	0.011930305714570764	0.01525208526206374	0.013528357843436329	0.01775893291887331	0.014727674201538003	0.013878875788508568	0.016406206279119123	0.016341298302172205	0.015278908661105208	0.012962048025767893	0.01145912458490525	0.013270145432841576	0.015338533115085866	0.013385944317568992	0.01449486271908058	0.012488332585869929	0.01593404001468519	0.015535915264884093	0.014389393357606734	0.013284543974421028	0.015536614978504119	0.013956558748146084	0.01632170886819615	0.013525378599063305	0.014016547125849897	0.01638506408142763	0.01570337994453895	0.013999766529531301	0.013129896484357946
PsA_species_diversity_all_features	PsA	species_diversity	1237	19	Oscillibacter_sp_ER4|t__SGB15254	species	0.01527054691985486	0.0019117855303082394	0.00019117855303082395	0.6573333333333333	100	0.01430693494711509	0.015355348353964194	0.015294516994498785	0.015125170159960769	0.015962716500933158	0.016659247772693876	0.014427032096509822	0.015705055426195807	0.014982425375675592	0.014952401093629619	0.019045813829435498	0.01737902949618797	0.015175232378782565	0.013108924032327446	0.013822197073108288	0.013402608493414831	0.014467301442118314	0.012038297951062692	0.01789754707967186	0.014984027911126645	0.014265587363315292	0.012562834567037358	0.016055839855078368	0.018118454734179237	0.01586597080978964	0.012487918845795332	0.012394648592428876	0.014938387245582625	0.014988732690996506	0.018258089762425992	0.014097512880381887	0.016903905798969783	0.01612930434300779	0.012844885504337109	0.016964340598025526	0.017748515813808326	0.017550081164824434	0.017653073574362577	0.019174018984701634	0.016914296547259663	0.015722721968779232	0.02040859452912784	0.01605484907379882	0.01515851723089797	0.013083454706330771	0.013823772681425985	0.015183825703495718	0.01336473411107475	0.014480434307075194	0.011886815889340152	0.015137400930699282	0.016979473385712908	0.01587754017114458	0.015360904669358109	0.016987728813328305	0.014211900337997834	0.015025239406063623	0.01875734911291824	0.014871145771585246	0.016807255243236778	0.014465805530168411	0.014348611305435592	0.014712287441201313	0.015152563941890906	0.011534874796647268	0.014007085017452786	0.013980116190035561	0.011392295311044513	0.01097235004564229	0.013281236558472992	0.01576754565393832	0.0131256101877271	0.015835923783276456	0.014686041466626543	0.01775161026816148	0.015889157556991707	0.01643964948226458	0.013066290503776215	0.017041856113830113	0.01467829650616618	0.014207488158045954	0.016656878519143273	0.014600595064561692	0.014835263999627183	0.01666911380027317	0.015628394884362466	0.014671856410819402	0.012995839916200413	0.01712539199594403	0.014872060530026565	0.015366688142760222	0.013517841919530937	0.012121055424501688	0.01821433034043921	0.018636669428661004	0.01594571656115667	0.013534801350822058	0.014429424988298495	0.01920842985409359	0.016495756907355334
PsA_species_diversity_all_features	PsA	species_diversity	1237	18	observed	diversity	0.015785208257514335	0.0018743925818307462	0.00018743925818307463	0.6583333333333335	100	0.01612599109771067	0.015834572404903772	0.016162601240455772	0.016727244094413864	0.01579739223535376	0.018035328850058836	0.016007271506368194	0.01567783282483402	0.016801731673953154	0.014257956868193106	0.015189062625926014	0.016500968833932032	0.015932688933143212	0.016083524261034366	0.014880530547475079	0.011099766872440341	0.01836249439057857	0.014808898991094676	0.013520621756361342	0.014136949008621565	0.014375695596542845	0.014421726255348466	0.017409984950480364	0.014172086799543123	0.01293588311697197	0.017477695423928234	0.015362170360367954	0.016080362899449682	0.014896975709044	0.01703256186390126	0.015642392081044888	0.018810412390783366	0.014263529295849278	0.01735920351706389	0.0165727086647713	0.015160866734692734	0.01507137208969639	0.015100425922384338	0.014676288194042774	0.013879754624865476	0.012726746663021453	0.015479493878136467	0.013353266093497919	0.012231676675081769	0.014226709255600075	0.0171764887478433	0.013364456985751632	0.014893602661266176	0.017610974440555906	0.0175049754404892	0.016861543677176263	0.016394196892098964	0.012712017015855769	0.015198453337365232	0.016256878949419806	0.017032119583371273	0.015191525750946865	0.013040081025244598	0.014391948028980682	0.015108227515633952	0.013184699066222978	0.013078093893792912	0.013617117972885402	0.013299058004837432	0.012923334901298388	0.015160052714016908	0.015851475025083425	0.018180639075456764	0.01665049001416257	0.01761597286637331	0.016273009335263558	0.016355919852902127	0.014824519420093486	0.02101365947935552	0.01900453879354196	0.01708698245919205	0.015068307764790937	0.019209558983154316	0.016173381978102332	0.017238265871487492	0.016597664533417062	0.017759604871513644	0.016669078341363667	0.015659792886962877	0.017447133093822505	0.02127056714329488	0.018317232281456118	0.01441781573519858	0.016868883749053307	0.018006649879806994	0.017825043971089343	0.016290449349503758	0.015955667493430078	0.01693816616033382	0.014175266802925864	0.01504499960313493	0.018779574554774914	0.011925924888339653	0.015953644658486525	0.017407680156548477
PsA_species_diversity_all_features	PsA	species_diversity	1237	17	Bacteroides_thetaiotaomicron|t__SGB1861	species	0.016168534944311013	0.0023071528226970743	0.00023071528226970743	0.683666666666667	100	0.01285426510177816	0.01203484439021397	0.012229327593952143	0.013719359175575095	0.01348507138460542	0.015040332648843762	0.012280859717677664	0.011086299610083882	0.011886222841443249	0.014423934645727344	0.012436083247798595	0.011774746161394768	0.012733022645734721	0.01483700872170932	0.014821739559983225	0.014300942599929303	0.01334446645795469	0.0142025829970215	0.01704290363751066	0.017224245388604936	0.01969692955699863	0.018850391333362252	0.017468793090163116	0.016807030308567505	0.01682299895036125	0.016881620033775267	0.01545663080006755	0.014835707891984158	0.016904147816351866	0.015042104981468987	0.01500180656919933	0.015092113480120812	0.016039765337957805	0.01428444696137391	0.012033398320855985	0.01792987728087517	0.019166107867734556	0.017078293520102674	0.01814024067662653	0.015891592437031248	0.015508104225472694	0.015657309398056995	0.016233740557548514	0.01711975497493769	0.015585578513795684	0.014246874732412085	0.014984484469869268	0.013252571673357246	0.01744430343126211	0.019107750829218412	0.016963348543797812	0.017873643233043142	0.019327820164078698	0.01891304601040795	0.02092296864414348	0.019546167393619678	0.014732133630183341	0.017714002138507694	0.016854166596311233	0.018719762737236394	0.01614141360073362	0.019102827667707593	0.01771697094505496	0.014006265621843901	0.020057622047111725	0.020159647909686766	0.019099444356213986	0.01632911276531754	0.01800086763299347	0.021150302939492088	0.014028597897314752	0.017084814760586393	0.015501073707276993	0.014042693626225518	0.020325432177271695	0.014598209695399074	0.015543803048675357	0.013428219689636433	0.017816799866997593	0.019296035876856753	0.013775085904075227	0.015671937558245665	0.019061780398325165	0.015137800243081692	0.01660257106602922	0.019245241570877994	0.014927763474363264	0.014299526527839427	0.016483436748046167	0.018215891964953206	0.0176392888762887	0.016547401194809234	0.016688218279923013	0.016018697860492113	0.01771169725373251	0.016689807245123235	0.01674458909577057	0.01865534540951664	0.01640738025192331	0.015010090035507514
PsA_species_diversity_all_features	PsA	species_diversity	1237	16	Roseburia_faecis|t__SGB4925	species	0.016534402659857474	0.002344699551098363	0.0002344699551098363	0.5893333333333337	100	0.017605613818117757	0.015322148554857614	0.014327976848801365	0.018216832476286995	0.016442793112804444	0.01415231256180779	0.016873310405036684	0.01755426298507607	0.014536433467858982	0.01578300930950296	0.0162006731436098	0.015699497407200433	0.01724782032053502	0.016323244380285158	0.015258509912085156	0.013140593227608511	0.014553353480694047	0.012997215254397171	0.015590590774421252	0.014177511137568018	0.014814744838963157	0.01231819022554496	0.018280139991532867	0.01278625625502476	0.015118940755795117	0.017169774047538482	0.015807546225759878	0.015466225266788083	0.017488665414388916	0.01691220518054284	0.023642998218579955	0.018198876554186772	0.019932106164086957	0.019086178846193173	0.01819978037527632	0.019507991729241562	0.01725373270026951	0.020321602731478296	0.01803098046051512	0.01461557016722187	0.01615289534088597	0.018889838213588413	0.014604284949029078	0.018373311913620703	0.01902394338081761	0.019270774294169554	0.017921097367757557	0.014835107768511168	0.01495223639000847	0.015662218413555928	0.014052553191985607	0.01577843533462823	0.018752032444023584	0.016507989203015116	0.016115517921871825	0.017917534085287037	0.017802342667550684	0.015192108889351479	0.014037397281396217	0.011594947350199164	0.01217721385588866	0.00877252323509391	0.01508122649693037	0.019667702490980137	0.015571350398914465	0.01821386747573537	0.013509515439061398	0.015894542140031546	0.01706223513758174	0.015933033996240794	0.017246152561073553	0.01489701454597767	0.013837341054900065	0.014173466027983021	0.016486462140447522	0.016464031876215757	0.015482109074806518	0.016974411181883583	0.015335186733576357	0.016456662050644482	0.017057742219812114	0.01629793962134537	0.018926035375904773	0.015741201122739492	0.014251124674598402	0.012849354505282799	0.01705264382810613	0.017983893918717332	0.017883394433099584	0.019105627357178336	0.02089335934754244	0.01944098131918432	0.018006483944665017	0.01852515231253445	0.018203647271151247	0.019120397532491517	0.017192878975300273	0.018411861366273725	0.02075680115272418	0.02211092266439152
PsA_species_diversity_all_features	PsA	species_diversity	1237	15	Blautia_SGB4805|t__SGB4805	species	0.017784397352403544	0.0021077031007398707	0.00021077031007398707	0.6536666666666668	100	0.01832089030314341	0.015585303226162705	0.014513351828875663	0.019192136087745212	0.01836243531326383	0.016695821527966448	0.022732746216922343	0.019302413154616737	0.017644187407869247	0.016799622906173546	0.019469222979660954	0.016131324871261794	0.015989709146251016	0.014294770401696843	0.01560676068746817	0.016718788969589164	0.01830842627892825	0.018171923834719092	0.022189724343765923	0.017300982074274007	0.017343837334570733	0.0175944003949391	0.015936651809825834	0.014622937452140728	0.017805122439842874	0.017378383179171043	0.015796249236881152	0.020351147925034483	0.01967197544313991	0.018350747353996406	0.020764239153184184	0.020933948234017022	0.02053262039962704	0.017223361266857085	0.015759758649196497	0.018064906203860184	0.01791556774821215	0.014860381477646671	0.014914795988799098	0.015688420227181143	0.015818395093357196	0.019247234883671357	0.014807923174028995	0.01657826672299516	0.01782928816887656	0.019104974182039613	0.022015835329984593	0.01856149296943259	0.01628611966775355	0.017309924403472766	0.020766046600125886	0.023331685904357698	0.01858506779397325	0.01684476774485564	0.017977414257096865	0.018913504956063174	0.016990831332606305	0.015643233553937205	0.016160339909164975	0.016230759405427706	0.015765167052821313	0.015141805360441268	0.016565803909271145	0.01737533507263722	0.016404489450526707	0.013548764040301208	0.016564859035037516	0.015978566391416992	0.01921149895184091	0.017287804191234102	0.015858758238523115	0.015126349727335762	0.017588735467734228	0.01790351193201312	0.014081177565643154	0.018613660868359003	0.015120955279477847	0.020486774538626892	0.016843837729330454	0.018773767806073188	0.018236319991518844	0.015947971160448028	0.018798419453394815	0.020948865826556966	0.01875747668403373	0.01817088119175567	0.020045217366414667	0.021757932565735005	0.01683522233534322	0.018406056682864567	0.019871187547943977	0.015660250266640394	0.017644508343385382	0.020274324543998527	0.020604279903225643	0.018670591246510694	0.019852718552078152	0.021688943211787957	0.017096971217259234	0.021086875009116515
PsA_species_diversity_all_features	PsA	species_diversity	1237	14	Lachnospiraceae_bacterium|t__SGB4767	species	0.01834542480841948	0.002051857006650261	0.0002051857006650261	0.6993333333333334	100	0.013877344333819302	0.012402390308268259	0.016894241384147198	0.018389151997193588	0.01933769817285293	0.01920151175559735	0.014285299581816542	0.015655639754980903	0.020968269076233358	0.019278557750342158	0.019121539343264476	0.020871951033516422	0.021193253031576858	0.01908317947482056	0.021787776715181888	0.019935782540843282	0.019884533551186474	0.019620635772842787	0.016756452129678644	0.018883193255196787	0.017945484581806326	0.01882840421377379	0.019030364122220426	0.019868514774831276	0.01885723902032719	0.016464140698234216	0.018629829988895518	0.018457545012057194	0.0179521677468679	0.02179140905206488	0.020133109790704883	0.02133480706981402	0.01589767039417629	0.01896911478028883	0.019608293549487017	0.01918030847235088	0.017957654732549237	0.018721588426603725	0.01606305282194116	0.020105542250812004	0.018687990675312724	0.018893538796729517	0.01226947038621825	0.015685244002051915	0.015269338024251393	0.019194108153469763	0.019447339715183108	0.018176215212621877	0.01836215457548763	0.01780221657233175	0.017713764539204493	0.017910588005689124	0.01628063084408497	0.016478149922595588	0.01664722596820534	0.020048408781639344	0.01941890569065989	0.019876428937605814	0.0190116639906314	0.020684365856855423	0.019940326444027382	0.01810984427230482	0.016022505764918333	0.017836650566402875	0.019055481853731387	0.01928432180586234	0.018028936280490633	0.017985179273730174	0.019163559926111247	0.01978351973727372	0.017843014274671495	0.020770224407227197	0.019346580724509947	0.021875739277208477	0.016308405991602982	0.01958701564102424	0.017995367180143686	0.018357916232266073	0.016518864438240723	0.024637563986549166	0.017683711840069092	0.020131418688306996	0.01520361286904598	0.017990198508710198	0.017009184613423305	0.019990128514007072	0.01910694599315529	0.020135200793038596	0.021231804333765057	0.020674961329108062	0.017116300236126043	0.016186868059946204	0.01595694247319595	0.018669626825584255	0.017757717435642677	0.016442172754352214	0.01685092451528876	0.017060943368941466	0.015652215228643365	0.014158193269304066
PsA_species_diversity_all_features	PsA	species_diversity	1237	13	Collinsella_aerofaciens|t__SGB14546_group	species	0.018590242049534123	0.002321396841579138	0.00023213968415791377	0.6890000000000004	100	0.020037282485833436	0.018247415842527447	0.017672939349030147	0.015991427748167784	0.01724660934628175	0.018863922813495616	0.015013783058680948	0.01646186993297332	0.01740545662449784	0.019102703224678625	0.019647724540205032	0.020535651442628193	0.022550528672159707	0.020419485466967372	0.017914686102868546	0.019236642977665846	0.02530834599811944	0.022922553020903385	0.021803782018934025	0.020038668298755485	0.020362512534095385	0.020361740478556736	0.020413245147940778	0.020322439780046095	0.019506269474210306	0.021028562299400054	0.015263854267885473	0.019797825776994495	0.01733637480376138	0.02034110876167646	0.01792737572855989	0.02088609933994984	0.019059320303995087	0.020337920792294795	0.018847260056795885	0.019150086966953687	0.02090061407070378	0.017327758239535813	0.01678885985897776	0.019015285534095292	0.018173676412386604	0.020822924068595816	0.025346636567911085	0.02207186767754231	0.022779465647163384	0.01804046016328837	0.017666597404737326	0.016364537031777135	0.019991409317052074	0.01622125536491174	0.016146937075764096	0.017156279140384242	0.014539789364028952	0.013873492835421828	0.014100739462773947	0.01905321371689989	0.01511041814603234	0.01771714467682466	0.017033889818229987	0.018033368608572242	0.016591001607504843	0.01725902411901142	0.019301539135938954	0.01732327876990603	0.017417556832006662	0.018410713288689713	0.018533223837045473	0.014505023932830185	0.017509273927099965	0.016341878476766197	0.021117092433576783	0.019037069590201867	0.016082537738463947	0.01750570253919055	0.018632608057772053	0.018267450501547843	0.013467749084655522	0.018560595944162726	0.019382094345334777	0.01597446334542686	0.021288633881791124	0.018060044601632026	0.01977216557248929	0.01601377369711404	0.019585019695053742	0.018646768082595182	0.019477887122176362	0.017494227386583693	0.016968765334953704	0.019613231079790145	0.02266284167365252	0.02085716748520767	0.016621315105195555	0.021792333164220846	0.021684661490983262	0.016779860689845924	0.015505364580428192	0.01597369984827153	0.01945536027406896	0.01791111099812477
PsA_species_diversity_all_features	PsA	species_diversity	1237	12	Lachnospiraceae_bacterium|t__SGB4964	species	0.019755961373769462	0.0019597747278904385	0.00019597747278904385	0.692666666666667	100	0.02255348148096155	0.021894714316648904	0.018171065577224154	0.018810244051338253	0.01987189256378676	0.02168123146888373	0.02262987639010549	0.02081481981295391	0.023166611941924944	0.02284764248931044	0.020732663112916435	0.021677730101798295	0.018755087271707726	0.020350440284553295	0.021944140931776362	0.01971750985333678	0.020162887697245415	0.01976235108191742	0.020296918710203248	0.020561992415892533	0.018906370734459256	0.01970945528175182	0.018102993694869896	0.016488334470182688	0.01680590987255763	0.016960260618160052	0.020254286714490092	0.018263861587303306	0.018945535236250855	0.018998543326741408	0.018930241781888565	0.019887877857786906	0.01820883695752375	0.019918016017291186	0.019656332819974538	0.018796397631139484	0.017546632446501304	0.019312799255339626	0.02020656081445615	0.02104736537545911	0.025490941085112025	0.022150779759159096	0.02169621373214263	0.02100377819493894	0.01767343889673197	0.020689356794669038	0.021207439338710377	0.020536020087630703	0.018973868270815056	0.02167736649009214	0.02179979367672465	0.022629154647659036	0.02027749898052765	0.02148807953001454	0.023482841820509713	0.019651441141645062	0.01990326097673541	0.016662920463479315	0.018118172892213576	0.018189896329425127	0.019364446737758265	0.021919696543830792	0.01833085309170138	0.02031567878344317	0.019369506756823522	0.02191691644926418	0.02178946732121489	0.019189424752444468	0.018239195096454133	0.01974309532807339	0.022354829905515815	0.018869341755058357	0.017968021123042997	0.019494303845145274	0.020453538136670384	0.020236257428504937	0.02139444881849047	0.019776663736309288	0.01998247771499518	0.017816094229551892	0.016180401355842297	0.018774240357124914	0.016509129739473112	0.01662842900243112	0.015601291578100389	0.01528923103216316	0.018871801404122025	0.018440600251113493	0.016713868367426124	0.020530522521528254	0.022448218782510007	0.02159900973193674	0.017724785126586675	0.016942186262022447	0.0206682745469068	0.020154937223018407	0.02026719790055561	0.02042185685725733	0.02175303944365086	0.014900681181334342
PsA_species_diversity_all_features	PsA	species_diversity	1237	11	Phocaeicola_vulgatus|t__SGB1814	species	0.020509692675293466	0.002219955428043261	0.0002219955428043261	0.7999999999999994	100	0.02173403354681108	0.01855587026757158	0.021230745088246374	0.018241797279290265	0.018206864211371628	0.022836595675604678	0.019998548795874024	0.018192729362810123	0.020080371063957256	0.01949936270381221	0.019689888770157357	0.022017989521235903	0.019391504973903132	0.02215886157299562	0.024356279803357233	0.019288093779896605	0.02071601510354479	0.018230702886452003	0.018573555780436384	0.021743596772173857	0.019929236216065783	0.016348992023240735	0.019793633291745095	0.021655632329482897	0.018607837418492815	0.01831303651580337	0.01936152646928135	0.018289114555927535	0.01847224306636076	0.019300611978104516	0.01859249129174474	0.021265245911014422	0.024469700349115275	0.021070524591859405	0.014637001342217659	0.01943582216334227	0.018727377870816964	0.017230435780758113	0.020125757393449857	0.021599224351977902	0.02424731341153968	0.018367965698762354	0.024328314004793315	0.02249091814267257	0.022175589147404893	0.019910016444919208	0.022626328374337774	0.021227352461688765	0.02172218315426546	0.02235941915434047	0.01891955733464435	0.02173383331357415	0.020579050662429575	0.020935129980993346	0.022748370435559495	0.017361400816317856	0.02156246514928463	0.019833899562428835	0.015517120063448306	0.01848344924327596	0.017956195292608865	0.016782618992436278	0.01834154670237312	0.016715558443912235	0.0232445861103068	0.02421640291886334	0.02269077237194926	0.020740082169991927	0.02330058625038605	0.021553313857766928	0.017299995670436646	0.018951723974638745	0.021274720045528273	0.02360679055803883	0.02067029222463347	0.023404220061710095	0.020082924903993223	0.021201352849109113	0.020846290444308867	0.022347642776555942	0.019522397103823117	0.020639103568124397	0.020959080903637337	0.017673108530882716	0.022479661789737405	0.02286982771827571	0.021298063667356208	0.02109892675287001	0.0211978169743696	0.02225943508110306	0.02484034873066114	0.024306154291899956	0.024815447040823356	0.02245054948201417	0.02180766693519988	0.022510346228076825	0.019922660095866993	0.020709545430177962	0.016257885189246295	0.01902509696866721
PsA_species_diversity_all_features	PsA	species_diversity	1237	10	Flavonifractor_plautii|t__SGB15132	species	0.022859503109704037	0.002356880260826037	0.0002356880260826037	0.7263333333333334	100	0.0241281580606749	0.020443292276338287	0.02174636400892909	0.023708026426843828	0.02127785421957199	0.023536722844439882	0.022028329306833228	0.026231380296856018	0.02397052920840228	0.02460755861753302	0.02382567766377827	0.023683702886500513	0.02174941757602551	0.024619193972455856	0.02296997645755575	0.022336707861808466	0.02318919087492139	0.02151757469675939	0.024137807405404676	0.018738114082237353	0.022658562477018435	0.023385623036825266	0.02069521964306821	0.027055392468512303	0.023899602976910274	0.024615664701864808	0.02680521800924688	0.024893433178949147	0.02023619702784891	0.021531723162099326	0.020715456862141192	0.01602004144763637	0.01929885515911132	0.020499179932726264	0.02308552616645443	0.019770420332843038	0.024808618928038425	0.02280573332117784	0.022828510352860706	0.02146934547246799	0.02169112440810115	0.02597243685625794	0.022581717872754717	0.01857062998385358	0.02175143104918951	0.02348145976180319	0.021535205406992688	0.02557520047532834	0.022196192207875397	0.021086530129310343	0.019587916183466936	0.020827425787886336	0.02104741333555866	0.019678681555290164	0.019498925715627332	0.019845068361706898	0.01888081766379833	0.026489364845044477	0.024815350774985884	0.0286673080569439	0.024413490398895968	0.02534449292146328	0.02259553353994437	0.022985483946767932	0.025878225900560475	0.02503474547357963	0.022902018611153183	0.02101632984225654	0.021413305494350235	0.021767022342693145	0.02217720375253205	0.02679743676973212	0.024829087756392716	0.022487490598417037	0.024903145505131834	0.022398510950713515	0.024074704217228352	0.022559634855119172	0.019625785356235017	0.018051967697722833	0.021456703217689516	0.02485887198422688	0.02500843849605898	0.02355232667559563	0.02310322183230941	0.026816180203031278	0.024362543326940916	0.024794265830132636	0.022798243034697276	0.025073381697245847	0.020747534956068066	0.018907597361881037	0.021465965537547226	0.021550941963855413	0.023648268749314853	0.0267371412487425	0.026894654269585264	0.026173133219865797	0.02308322418747649	0.024357953413803004
PsA_species_diversity_all_features	PsA	species_diversity	1237	9	Candidatus_Pseudoruminococcus_merdavium|t__SGB59562	species	0.0234317283120515	0.002349220135151793	0.0002349220135151793	0.7823333333333333	100	0.022424271271857383	0.02293245662356086	0.026098749307113298	0.02427398914640189	0.023628878760611382	0.02308768122961393	0.021153102620800536	0.02527099071167982	0.020792986123213595	0.022835068755782086	0.02585626831821047	0.020765887920447902	0.025510977333148464	0.025082106626920873	0.0234302413727107	0.020358711512238573	0.024074756668688704	0.022990639717841963	0.02582708731292711	0.02347095445510431	0.020183785073445107	0.02491165047232063	0.021347931249163975	0.023420306313654698	0.025457493927954353	0.02157657109282405	0.023711626135266114	0.020547460803600696	0.021322503434125513	0.02154752530726882	0.022449384162576642	0.020480485316072185	0.020574122138765933	0.01902776887126565	0.022490839488248055	0.02275621981965354	0.024033194901220453	0.025994398337309012	0.023603243640561804	0.02346687033302324	0.020126294884338855	0.020365183644335705	0.020034164477532836	0.02451211039190826	0.021961812591897157	0.027101997410411385	0.02667015189421599	0.029705739089143878	0.025268161976766186	0.0228898079575068	0.02179747680591513	0.025413775746569712	0.025425235370411088	0.027374126859590456	0.02653132694904438	0.022794189609826234	0.02311984634393853	0.025596022290542326	0.02525449510278151	0.02467712238576381	0.023823633627588933	0.02785253074421862	0.026367322165226546	0.025047017531417966	0.026178614737421255	0.02507442423322594	0.024543788422841908	0.025157127231814704	0.02906596994734891	0.02606400826014262	0.025122691605322437	0.01949105107926712	0.023980054758394338	0.020033186672202326	0.022205360648171833	0.022885555169690795	0.02473915031655907	0.024291715851844774	0.023038849533104373	0.024906440578733497	0.02424727661898028	0.025518972866967245	0.02176910982168821	0.023558390179369403	0.026843247174606844	0.022843729845591947	0.02229126648434424	0.0264541134879276	0.02037401551154053	0.020479008558083496	0.02423356029155105	0.020135270391007227	0.021753521561500528	0.02007271934163153	0.01839138839313106	0.02054498956286561	0.02115741836680894	0.02515263877432722	0.019852321006447304	0.022243151462606848
PsA_species_diversity_all_features	PsA	species_diversity	1237	8	Clostridium_innocuum|t__SGB4037_group	species	0.0239271909403527	0.002884620143824261	0.0002884620143824261	0.7340000000000002	100	0.02609768224043175	0.02265715988556001	0.022084447928115918	0.026219613206030213	0.026163863277529266	0.027583063204251194	0.03036583869707564	0.01978681313274122	0.02778729826499824	0.023863761933291684	0.018464704066768003	0.01974981575234027	0.01745681260352295	0.023583831403702935	0.0237187982434113	0.02787892891907248	0.023296952036027222	0.02314953364073202	0.0210780956204453	0.024284046190688597	0.02257585030392039	0.024237923096625282	0.022531327534802477	0.02174063553668577	0.021045394274016065	0.0219677935882703	0.02212244544470273	0.024815505188938422	0.02200070563637317	0.017674202559689364	0.02612776712446112	0.024260084115148565	0.02479646608965212	0.024011024983649137	0.029699085978028544	0.028292303247594113	0.02640202735431902	0.021387439641604448	0.02137151835637386	0.02790433873690025	0.026753255478587225	0.02247553134645486	0.02476750155567633	0.022958370258966233	0.02146822399974915	0.02430576326350462	0.024164077735300223	0.027052859749578734	0.026407703918258196	0.02298743006717045	0.020371254811844444	0.023356350024433883	0.02761282221588466	0.027992352014830007	0.026307640658532916	0.02534838282337335	0.02667802773694598	0.02298915047410722	0.025642689349012135	0.02571388946959201	0.01910793349600541	0.02246627542079403	0.023910149452717893	0.0207250061271299	0.024204382979395485	0.02254783259660174	0.02383510026135753	0.023737109813194202	0.02211691321260472	0.025023576041218094	0.02871400689920435	0.027375264834755834	0.02149576065491953	0.02309200228895785	0.025006987455610363	0.024821775708725735	0.02560293537775134	0.029765770139163254	0.028071877132045547	0.028158153509839776	0.027581228490558943	0.02662543830543412	0.026877897511539187	0.026719295065322602	0.024346785530297455	0.01964184041419241	0.02104223752521443	0.017942147640306497	0.02072571768067387	0.022139025294368977	0.024083788494095218	0.022272172947563892	0.02079299116121352	0.02060650228287863	0.023832210197565838	0.027506794229035268	0.022155018733400044	0.02178816762714836	0.019537341268712465	0.02113550424346154
PsA_species_diversity_all_features	PsA	species_diversity	1237	7	Roseburia_hominis|t__SGB4936	species	0.024869354047683423	0.0024107662301041696	0.00024107662301041697	0.7926666666666661	100	0.028994162232361797	0.02807237664114958	0.02424438023873199	0.024316787650541592	0.02692451993112276	0.019428940373533782	0.023522090546308338	0.02480134197349309	0.02285290348645071	0.02429960169188398	0.024469745086469815	0.02050391234606029	0.024469433679283663	0.02404953254702013	0.024945836558854496	0.028344125955736495	0.02526432679989714	0.02602111921068981	0.025418727176473956	0.027469574787626842	0.02660743629388943	0.025711221079286733	0.026382220749996774	0.024965227592575603	0.02558740536974695	0.028818323074707573	0.023485872762305297	0.025070626798334775	0.024404184316703895	0.02543275117955386	0.025587881281988353	0.027284039285734026	0.02669376568208112	0.028350891329871255	0.025012667946708256	0.025466761621268746	0.02439501133909559	0.0202613571206927	0.02564815111020282	0.02134957050899986	0.026516494653419244	0.02828655849420268	0.02569940244026958	0.024000257371017	0.023567785330962866	0.026380606664685984	0.024666070951336598	0.026004693148240002	0.0221055238340858	0.021960357787624438	0.02434509173416728	0.02595521493732678	0.027462143029057536	0.025761997593208665	0.022043179467430066	0.028520071585856663	0.0239567439476508	0.025157297247866063	0.025952658638147316	0.022153167699206926	0.01912632470311043	0.019728623586248346	0.026208953989029584	0.024704772427358156	0.02773106650703351	0.024616421844896073	0.026359147784842992	0.025013816257529842	0.02858155519824895	0.022797494279623996	0.02443376499493209	0.02178404235997643	0.022906612243994377	0.024389535073378755	0.02458389126583656	0.02177008161117385	0.023712882553885928	0.022662956430427365	0.02656519849223106	0.02235891563189009	0.022123454873699502	0.029704469437678502	0.026191568393985194	0.02703106540198201	0.028594481870680758	0.02666958183474103	0.021779634463751783	0.026328920225540002	0.026237847173982646	0.02626115276183411	0.02647264665255235	0.02201855040355333	0.021317182248584348	0.024640213587737873	0.02531106266777234	0.026690115184255767	0.016271124915156584	0.027292432694148595	0.024079288127617803	0.026460432700243553
PsA_species_diversity_all_features	PsA	species_diversity	1237	6	Ruminococcaceae_unclassified_SGB15236|t__SGB15236	species	0.028076366901010875	0.002557929742402165	0.0002557929742402165	0.7929999999999997	100	0.028290811937000893	0.02671748675095537	0.019897348850615858	0.024650363878100566	0.02913902373866152	0.026184064256602444	0.02535970536393092	0.028879432047831145	0.026760283514005376	0.030389833681578247	0.024767733613055842	0.02775030537268675	0.03193087411422569	0.02670253717181816	0.02628706476168096	0.022566871600851586	0.0280562925986412	0.028471699514409525	0.026823358994687827	0.027165178854849772	0.03029191502534006	0.03313584377032292	0.029166128846261845	0.030694926073602583	0.03042246809186667	0.028479657371189477	0.032183191210312004	0.033315555769724385	0.029274743125278897	0.029094478871600837	0.027814207199420272	0.02324404626567118	0.02556993189959685	0.02998942686959354	0.027926952745484696	0.0317045809827421	0.029952433859506758	0.02447327678515846	0.030540605979779905	0.029078238876796315	0.029378798679939144	0.03102104302326749	0.027270496776159295	0.027868813681329808	0.029227736385782504	0.029215727550993754	0.03174622964346196	0.0305130508660696	0.030827564320435093	0.029954963275401994	0.03248941442164074	0.027666014756568234	0.02888594184647042	0.030207324870689844	0.027173635533220098	0.029012571609594008	0.029310233674000468	0.027598955261756278	0.02958936941932088	0.026113727741298894	0.025347987082002952	0.030892018649133508	0.02722476260784716	0.023669581044038417	0.028839189725112513	0.03128184695009769	0.028311561047145477	0.030273930252817948	0.027463120476847167	0.02907813786319805	0.029052530570413918	0.028143078593492066	0.02867749067830815	0.0300852508678854	0.02268869245497969	0.030118777213617127	0.03295740326559917	0.029804895264565347	0.029472090950549458	0.024846958451198706	0.02757962311127535	0.02881616336319305	0.027187684910927927	0.025298683288217876	0.02549803092825945	0.026870210912066164	0.02673820346543853	0.02535985296526792	0.0259748974830507	0.025139519494160704	0.02366007172848006	0.029780569557362746	0.023106395472720528	0.029908908009721243	0.025691573325572876	0.02554884584656619	0.029463438560153748	0.02544569813693577	0.02666173868729259	0.027462783272733056
PsA_species_diversity_all_features	PsA	species_diversity	1237	5	Ruminococcus_torques|t__SGB4608	species	0.03645912916239217	0.002551803418670909	0.00025518034186709093	0.867666666666667	100	0.03859775674521881	0.039301912741526855	0.03858219044595301	0.0339742088782898	0.035253653836785366	0.03797258254516984	0.03158550427496809	0.036241069564216875	0.03431030544583162	0.03351743910668404	0.03623802318446058	0.036960142501004836	0.03540740484852287	0.02984014814581409	0.034036508150394815	0.034628760697551796	0.03581434109289623	0.0351742619444442	0.03810737758516657	0.0370826236658284	0.035314636735674074	0.03729166304018894	0.035348352457592026	0.037215242532151756	0.03513075005753903	0.036044935698002184	0.040205464264990484	0.03874714195945731	0.04025677455216925	0.03837214507213201	0.036314233211551285	0.039644486171252644	0.04063724646300093	0.036352397098318466	0.0364719498463721	0.03494106044257344	0.036068984727307754	0.03573149033280674	0.036412420677007326	0.034092801413957124	0.03526533569060087	0.03528991257670279	0.03545884079529941	0.03276509268327458	0.03786803130082021	0.03789553509545543	0.03837506809886224	0.03736812733130161	0.03593673690919465	0.04041076141753329	0.03568806760271195	0.026004937868739416	0.03559313047261068	0.03870802055580483	0.036512424275197526	0.03617124150166072	0.036617616956772826	0.034538935467201576	0.03531881772506611	0.030875504468018778	0.03539701468270696	0.0348421128701688	0.03334361489433086	0.03885105843107151	0.03331269044286648	0.034556482925579286	0.03442269249576051	0.03765327366107644	0.0374802429854343	0.0394313026221268	0.03463690690185646	0.03833060514226415	0.036890201861516474	0.0350301978586608	0.03493912981097392	0.03806045315205991	0.03885904656540287	0.03601528730317182	0.04107806729254549	0.03929334006820827	0.04009832672428183	0.03049053878057469	0.03855062413381889	0.04283475727370112	0.038708139526061516	0.03910813035923029	0.03952913262449688	0.036922918491761145	0.035130348504026125	0.03481665096630345	0.03913976901719488	0.03797647327756242	0.0353234430984189	0.036539416206489796	0.03720796504447849	0.034241813093094625	0.03585653911047818	0.03714144814491941	0.03939936285998693	0.038590866086951274
PsA_species_diversity_all_features	PsA	species_diversity	1237	4	Lachnospiraceae_bacterium|t__SGB4780	species	0.040100809528290864	0.002413166581182086	0.0002413166581182086	0.9060000000000004	100	0.038086114164998734	0.03573093375325058	0.04039301066845105	0.04104277418666151	0.03592779378907009	0.03760016824874338	0.03850555798622213	0.043547390508380995	0.039754617473769696	0.03751869330489732	0.03977050087107507	0.040604505339173196	0.03778001674337138	0.035228491196622094	0.038191470372594544	0.04264093044869869	0.03871608977261564	0.04269197105965527	0.04396105727998772	0.045448098473928986	0.03987286786469529	0.0356132852349585	0.03787059271195683	0.04198364867952354	0.040813845615999315	0.04255565851965765	0.04421704627264323	0.04277462646754568	0.04130978052891143	0.03882671601580746	0.04183978720500235	0.039561877956674124	0.04071997257658533	0.04126246378586649	0.04297484427403454	0.0378716324965518	0.03663283203073837	0.04307801385049484	0.03762971246808663	0.035458795367537516	0.04124491112216926	0.034636694573942514	0.03826656607230841	0.04183524392102809	0.036643924502349	0.038736201435535494	0.042358734325973625	0.03821255817558084	0.040804829030737545	0.04233266151112847	0.041222974159481146	0.042681237607501546	0.042209930622353634	0.04134341136943023	0.038404382327444885	0.04322718773790557	0.04227180454822766	0.04131859424016026	0.04120506700870471	0.04409538622652477	0.04145237958046239	0.040190720590472705	0.04138298250968029	0.04053118398877125	0.03925263077251882	0.03942662628408871	0.0383769122108144	0.039842422092549165	0.040195293828061376	0.03634606350052359	0.03767713264994721	0.03372927387551514	0.039341495957391975	0.04305693839320542	0.041486647720185496	0.04190785296812099	0.0412103346719053	0.035836733462592175	0.03916825194369666	0.037091533728602785	0.04097482953489442	0.041021987493211	0.04464834789925924	0.04083001046646266	0.041975972362437046	0.04013840168962336	0.042651747551717745	0.04099459426905757	0.04366390514377706	0.03920360915694036	0.03836168666355901	0.039940176667298814	0.03967783193173616	0.041401704867462426	0.03891112327776182	0.03813561928870821	0.0412202456664895	0.03999045186452285	0.03963380458522313	0.040141005635911366
PsA_species_diversity_all_features	PsA	species_diversity	1237	3	Clostridia_bacterium|t__SGB14311	species	0.04109676584835893	0.002244138613185007	0.00022441386131850067	0.921	100	0.0430328154982271	0.03971410329871857	0.04353096885514394	0.03824463790043913	0.04097568965496518	0.03824864495176277	0.04058197354405016	0.04388522225400737	0.041758926957302	0.038513800632600875	0.04110180964409578	0.03914518849971869	0.0396920843469633	0.040321483719180685	0.03759091186154088	0.03878958196011193	0.039214807931856346	0.03929103768018285	0.03804211909186279	0.04464279057188858	0.04486886345892875	0.0414975112829057	0.04321672132133872	0.039679951187569736	0.045811166836930914	0.041542438019713177	0.03762161511905519	0.04173998721523369	0.038959633782626235	0.04402116692364498	0.0437418554841204	0.04230599876232793	0.038231629020301194	0.04237708285631763	0.040534561411686536	0.04199082971055222	0.039539832213094574	0.04085338100977567	0.04354247331703005	0.04009199951035755	0.04034889620448771	0.04073525599860102	0.04248878100828698	0.04012373637247064	0.037754701891157504	0.03911320146641994	0.04214467144838274	0.04258282505279603	0.040711703408418926	0.04228332944039108	0.03756523295444566	0.04032385910056359	0.04336313722274246	0.04535051787415418	0.043892299561479935	0.04260333179644804	0.04031233698000068	0.03996720734350259	0.04036926572144272	0.04108502363074244	0.04240402689947384	0.03850793605745607	0.04121791606698528	0.045416052085500376	0.03899361816729032	0.040357451397628766	0.04086831053571365	0.04541618206392865	0.03872378776230302	0.03876670266346697	0.037901074250651194	0.04201554154942592	0.03866695582754118	0.04047440035848918	0.042706883227403646	0.038647751238672624	0.0393121708324462	0.04277353184266177	0.043272166029933425	0.03957302140634162	0.03917094320349397	0.039640901053339526	0.041731418861999395	0.04553637448574293	0.03511474242766038	0.03982267911501945	0.04374029844410912	0.04237327158476429	0.04003961037990118	0.043530121376272435	0.039584304163583516	0.042180253378084044	0.041202690677224936	0.041260817035548604	0.04081049370685872	0.04060063730961651	0.04075168269132608	0.043578486537574374	0.04621633446847235	0.04516843189692278
PsA_species_diversity_all_features	PsA	species_diversity	1237	2	Massilimicrobiota_sp_An134|t__SGB6768	species	0.05231438293826333	0.002726789301454362	0.0002726789301454362	0.9370000000000002	100	0.04991389696011313	0.053081512215688464	0.05422490911581324	0.054683326436369674	0.05375644141569677	0.05024684148464052	0.05247949196069053	0.05183669955771554	0.052933665652406724	0.05452258860074561	0.05501355587719585	0.04889444058085995	0.05311868246760976	0.0545135239645976	0.05306169800630147	0.051475073054318886	0.04989622589546637	0.051842499645335785	0.052479359235679444	0.050380252724845566	0.0497202173599808	0.0523628622238652	0.04965604103853855	0.05220703459694911	0.05172615716848065	0.051422166383856265	0.053242700033902315	0.052643569108170744	0.05103260536530433	0.0539498849938187	0.054557654066121695	0.05603637617007461	0.05059174614189679	0.05102980199347885	0.05318169962244211	0.04916927804276299	0.05088116755075762	0.05415679500354243	0.04995973192892804	0.0505989081456164	0.05156447067772958	0.047918542184792016	0.04737261107543743	0.0560152948265695	0.05113053672231923	0.05164589148129786	0.054240630046228325	0.05359706442881866	0.05891890576334127	0.05280757169619639	0.05739858802931814	0.05265769024169113	0.05713775035253085	0.056874158394653054	0.05723407056173419	0.049086661644254063	0.053490365662664394	0.051529979848609055	0.05371267971765446	0.04743142207122705	0.0561355555831134	0.05350614788201706	0.05424852379300807	0.05751172314104588	0.05233762701909908	0.053869614014406715	0.05401615737464167	0.05249765244795032	0.05480097655911666	0.04883735683043721	0.04724309144474636	0.046692133393577244	0.049876744411978875	0.05385099431282378	0.04637264943225106	0.05454581212283983	0.054301706978682536	0.0494000119424133	0.0465793979239062	0.05245591026687477	0.048448468894661305	0.049176814143243076	0.05196647025957816	0.05331422620419668	0.05095178578719953	0.047927282269397714	0.05020762444434921	0.05079088647129004	0.052320086898746246	0.052060622640222404	0.05155157553807237	0.058223510415842984	0.05588286835861173	0.05340594326114086	0.05595415407450814	0.049542364834883716	0.05536350916572263	0.05004381836686122	0.05375662841803419	0.05322389928719595
PsA_species_diversity_all_features	PsA	species_diversity	1237	1	Faecalibacterium_prausnitzii|t__SGB15342	species	0.08171128231230604	0.003202471137650553	0.0003202471137650553	0.9946666666666667	100	0.0823974074697708	0.08190348820122567	0.08404986064529046	0.08383557594129133	0.0806236863404706	0.08233161321410719	0.078498350193401	0.07640508983143308	0.0822268509396351	0.07850282639287123	0.08219839502954936	0.07957852726291091	0.08378973273366361	0.07753016143927674	0.0782733268725479	0.08258303541381906	0.08426991220756862	0.08535328583962894	0.07740515626223014	0.08277123880335703	0.07844461495765914	0.08191116720477847	0.07658381860623953	0.07958205596293512	0.07919187153774705	0.0780719283236429	0.07460570355693151	0.0857700664228683	0.07688435123534797	0.0812627096486362	0.08341183135352731	0.08092871499239812	0.08147439431004595	0.08342043915382383	0.08165340950640582	0.08495512195306086	0.08000791663722842	0.08503269482220953	0.08065529902058646	0.08214164297463564	0.08079288444377175	0.08021906818942898	0.07689755306127119	0.08934981663249822	0.08246481015492771	0.08759023205507062	0.07961495656662841	0.08075941242562933	0.07911744551316831	0.08340923954404494	0.07935934711397769	0.08306182858528971	0.07492064431314423	0.07920290934124109	0.08170898759728784	0.0813154236574887	0.08082430681047728	0.07703648180523795	0.0846998561344015	0.07906425379813665	0.08158255323514188	0.08200969504241117	0.081497824425645	0.08540578573887332	0.08074339181095816	0.08277649136108088	0.08597502171743708	0.08092262113811308	0.08324562673493333	0.0808448152171664	0.08055379832511503	0.08207390548393236	0.08297776641680521	0.07848335096399214	0.08335622359813691	0.08246445754180048	0.08886198138614033	0.08971293057525104	0.08583397051453585	0.08510951043292254	0.08437140308964798	0.08162324738042422	0.08326245251473638	0.09231942882897723	0.08664158888358446	0.08005321338256406	0.08344260041825424	0.084068454195641	0.0841168495444423	0.07811651099315035	0.08412127921366998	0.07851102278636622	0.08251597013526255	0.08093023076508209	0.08429301691803436	0.07822068853457277	0.08385175815401208	0.07679744763903343	0.07783791693158	0.07967469830329521
